,Ville,Univers,BIEN_NEUF,TYPE_BIEN,NB_PIECES_RANGE,nb_transac,prix_median,prix_moyen
0,BORDEAUX,Moins de transactions,NEUF,MAI,MAI: NON RENSEIGNÉ,60,3088.1010346926355,3088.1010346926355
2,BORDEAUX,Médian (transactions),NEUF,APT,APT: 1-2 PIÈCES,2255,4856.322463768116,4861.673999226376
4,BORDEAUX,Plus de transactions,ANCIEN,APT,APT: 1-2 PIÈCES,18654,4483.870967741936,4643.437245436281
1,BORDEAUX,Premier quartile,NEUF,APT,APT: 5 PIÈCES ET PLUS,279,3591.746794871795,3837.979917404413
3,BORDEAUX,Troisième quartile,ANCIEN,MAI,MAI: 5 PIÈCES ET PLUS,4912,4648.275862068966,4790.296707326142
15,MARSEILLE,Moins de transactions,NEUF,MAI,MAI: NON RENSEIGNÉ,110,1716.1638382568615,1716.1638382568615
17,MARSEILLE,Médian (transactions),NEUF,APT,APT: 1-2 PIÈCES,4218,4318.181818181818,4383.259503950239
19,MARSEILLE,Plus de transactions,ANCIEN,APT,APT : 3-4 PIÈCES,58456,2569.4444444444443,2785.2188990004815
16,MARSEILLE,Premier quartile,NEUF,MAI,MAI: 4 PIÈCES ET MOINS,396,3967.391304347826,4197.842614169056
18,MARSEILLE,Troisième quartile,ANCIEN,APT,APT: 5 PIÈCES ET PLUS,8677,2500.0,2794.2378757961196
35,PARIS,Moins de transactions,NEUF,MAI,MAI: 5 PIÈCES ET PLUS,30,10088.495575221239,12254.004860397747
37,PARIS,Médian (transactions),ANCIEN,MAI,MAI: 5 PIÈCES ET PLUS,1012,12652.424242424242,14256.46654532287
39,PARIS,Plus de transactions,ANCIEN,APT,APT: 1-2 PIÈCES,178247,9736.842105263158,10033.785849014892
36,PARIS,Premier quartile,NEUF,APT,APT: 5 PIÈCES ET PLUS,318,9935.714285714286,10457.32038434493
38,PARIS,Troisième quartile,ANCIEN,APT,APT: NON RENSEIGNÉ,6099,8731.34328358209,8770.219946540778
45,RENNES,Moins de transactions,NEUF,MAI,MAI: NON RENSEIGNÉ,21,3407.1547849462368,3407.1547849462368
47,RENNES,Médian (transactions),NEUF,APT,APT: 1-2 PIÈCES,2187,4238.0952380952385,4357.061941105911
49,RENNES,Plus de transactions,ANCIEN,APT,APT : 3-4 PIÈCES,13955,2804.878048780488,2946.2034283322632
46,RENNES,Premier quartile,NEUF,MAI,MAI: 4 PIÈCES ET MOINS,116,4010.869565217391,4327.4703520638095
48,RENNES,Troisième quartile,ANCIEN,APT,APT: 5 PIÈCES ET PLUS,2727,2755.1020408163267,2911.146395762442
