REGION,BIEN_NEUF,TYPE_BIEN,NB_PIECES_RANGE,nb_transac,median_price,mean_price,Repartition (%)
Bretagne,ANCIEN,APT,APT : 3-4 pièces,70092,2152.777777777778,2370.934516811133,12.914946933962264
Bretagne,ANCIEN,APT,APT: 1-2 pièces,64183,2608.695652173913,2848.433409026775,11.826171875
Bretagne,ANCIEN,APT,APT: 5 pièces et plus,14507,1593.0357142857142,1903.3145848930303,2.6730173938679247
Bretagne,ANCIEN,APT,APT: Non renseigné,1708,1577.5462962962963,1999.4666409729405,0.3147110849056604
Bretagne,ANCIEN,MAI,MAI: 4 pièces et moins,185263,1800.0,2049.8908244056197,34.136018573113205
Bretagne,ANCIEN,MAI,MAI: 5 pièces et plus,172554,1848.6842105263158,2055.060050948103,31.794295400943394
Bretagne,ANCIEN,MAI,MAI: Non renseigné,5870,1388.888888888889,1764.1633630429164,1.081589033018868
Bretagne,NEUF,APT,APT : 3-4 pièces,9685,2967.873819570022,3140.1043386741253,1.7845297759433962
Bretagne,NEUF,APT,APT: 1-2 pièces,7553,3549.320833333333,3688.086894015715,1.3916936910377358
Bretagne,NEUF,APT,APT: 5 pièces et plus,774,2135.8444444444444,2524.180699675723,0.14261497641509432
Bretagne,NEUF,APT,APT: Non renseigné,1860,3926.470588235294,3910.9954289134967,0.3427181603773585
Bretagne,NEUF,MAI,MAI: 4 pièces et moins,4039,2079.5454545454545,2266.1784887790977,0.7442143278301887
Bretagne,NEUF,MAI,MAI: 5 pièces et plus,4066,2070.1880971337578,2206.2389248022655,0.7491892688679246
Bretagne,NEUF,MAI,MAI: Non renseigné,566,2199.6708333333336,2555.085381978597,0.10428950471698113
Île-de-France,ANCIEN,APT,APT : 3-4 pièces,443230,4477.611940298508,5645.953900454894,26.363279484190237
Île-de-France,ANCIEN,APT,APT: 1-2 pièces,447453,6468.085106382979,7003.0614558460475,26.614463134353215
Île-de-France,ANCIEN,APT,APT: 5 pièces et plus,79410,5382.547169811321,6681.443982360366,4.723299469439223
Île-de-France,ANCIEN,APT,APT: Non renseigné,20094,5416.025641025641,6197.207337459213,1.1951892650662606
Île-de-France,ANCIEN,MAI,MAI: 4 pièces et moins,239222,3707.8651685393256,4240.027160050579,14.228902476743354
Île-de-France,ANCIEN,MAI,MAI: 5 pièces et plus,218856,3188.9763779527557,3713.0997242718154,13.017534676786182
Île-de-France,ANCIEN,MAI,MAI: Non renseigné,11216,3276.8199233716477,3834.9692578506406,0.6671266446194476
Île-de-France,NEUF,APT,APT : 3-4 pièces,104010,4376.623376623376,4866.3322469359955,6.186505198543932
Île-de-France,NEUF,APT,APT: 1-2 pièces,78162,5113.636363636364,5559.789642698293,4.649068544645619
Île-de-France,NEUF,APT,APT: 5 pièces et plus,8418,4631.578947368421,5339.201319702352,0.5007018629107087
Île-de-France,NEUF,APT,APT: Non renseigné,14110,5043.148774714564,5459.800460807218,0.839261497466156
Île-de-France,NEUF,MAI,MAI: 4 pièces et moins,8417,3670.0,4201.842408653296,0.5006423830030216
Île-de-France,NEUF,MAI,MAI: 5 pièces et plus,6564,3442.065209239538,3946.469837900239,0.390426114058671
Île-de-France,NEUF,MAI,MAI: Non renseigné,2078,3520.156082385754,3646.77587503704,0.12359924817396684
